lastUpdated,title,url
" This page was last edited on 21 December 2021, at 16:37",Kevin Bacon,https://en.wikipedia.org/wiki/Kevin_Bacon
" This page was last edited on 15 December 2021, at 00:45",Streaming television,https://en.wikipedia.org/wiki/Streaming_television
" This page was last edited on 8 November 2021, at 21:46", (TV series),https://en.wikipedia.org/wiki/I_Love_Dick_(TV_series)
" This page was last edited on 19 December 2021, at 01:56",Golden Globe Award for Best Actor – Television Series Musical or Comedy,https://en.wikipedia.org/wiki/Golden_Globe_Award_for_Best_Actor_%E2%80%93_Television_Series_Musical_or_Comedy
" This page was last edited on 4 December 2021, at 19:25",Primetime Emmy Awards,https://en.wikipedia.org/wiki/Primetime_Emmy_Award
" This page was last edited on 15 December 2021, at 03:44",Six Degrees of Kevin Bacon,https://en.wikipedia.org/wiki/Six_Degrees_of_Kevin_Bacon
" This page was last edited on 2 March 2021, at 15:35",SixDegrees.org,https://en.wikipedia.org/wiki/SixDegrees.org
" This page was last edited on 19 December 2021, at 11:51",Hollywood Walk of Fame,https://en.wikipedia.org/wiki/Hollywood_Walk_of_Fame
" This page was last edited on 23 December 2021, at 22:32",Academy Awards,https://en.wikipedia.org/wiki/Academy_Award
" This page was last edited on 26 October 2021, at 18:11",Screen Actors Guild Awards,https://en.wikipedia.org/wiki/Screen_Actors_Guild_Award
" This page was last edited on 14 December 2021, at 22:49",Golden Globe Awards,https://en.wikipedia.org/wiki/Golden_Globe_Award
" This page was last edited on 8 December 2021, at 12:32",Taking Chance,https://en.wikipedia.org/wiki/Taking_Chance
" This page was last edited on 25 November 2021, at 13:34",The Following,https://en.wikipedia.org/wiki/The_Following
" This page was last edited on 21 December 2021, at 10:36",The Guardian,https://en.wikipedia.org/wiki/The_Guardian
" This page was last edited on 15 December 2021, at 19:15",Fox Broadcasting Company,https://en.wikipedia.org/wiki/Fox_Broadcasting_Company
" This page was last edited on 22 November 2021, at 00:11",Trove,https://en.wikipedia.org/wiki/Trove_(identifier)
" This page was last edited on 3 February 2021, at 11:11",Main Page,https://en.wikipedia.org/wiki/Main_Page
" This page was last edited on 22 December 2021, at 18:31",HBO,https://en.wikipedia.org/wiki/HBO
lastUpdated,title,url
" This page was last edited on 21 December 2021, at 16:37",Kevin Bacon,https://en.wikipedia.org/wiki/Kevin_Bacon
" This page was last edited on 28 December 2021, at 17:26",Streaming television,https://en.wikipedia.org/wiki/Streaming_television
" This page was last edited on 4 December 2021, at 19:25",Primetime Emmy Awards,https://en.wikipedia.org/wiki/Primetime_Emmy_Award
" This page was last edited on 19 December 2021, at 01:56",Golden Globe Award for Best Actor – Television Series Musical or Comedy,https://en.wikipedia.org/wiki/Golden_Globe_Award_for_Best_Actor_%E2%80%93_Television_Series_Musical_or_Comedy
" This page was last edited on 15 December 2021, at 03:44",Six Degrees of Kevin Bacon,https://en.wikipedia.org/wiki/Six_Degrees_of_Kevin_Bacon
" This page was last edited on 2 March 2021, at 15:35",SixDegrees.org,https://en.wikipedia.org/wiki/SixDegrees.org
" This page was last edited on 24 December 2021, at 23:06", (TV series),https://en.wikipedia.org/wiki/I_Love_Dick_(TV_series)
" This page was last edited on 27 December 2021, at 20:11",Academy Awards,https://en.wikipedia.org/wiki/Academy_Award
" This page was last edited on 26 October 2021, at 18:11",Screen Actors Guild Awards,https://en.wikipedia.org/wiki/Screen_Actors_Guild_Award
" This page was last edited on 14 December 2021, at 22:49",Golden Globe Awards,https://en.wikipedia.org/wiki/Golden_Globe_Award
" This page was last edited on 24 December 2021, at 05:07",Taking Chance,https://en.wikipedia.org/wiki/Taking_Chance
" This page was last edited on 25 November 2021, at 13:34",The Following,https://en.wikipedia.org/wiki/The_Following
" This page was last edited on 26 December 2021, at 03:47",The Guardian,https://en.wikipedia.org/wiki/The_Guardian
" This page was last edited on 25 December 2021, at 05:39",Hollywood Walk of Fame,https://en.wikipedia.org/wiki/Hollywood_Walk_of_Fame
" This page was last edited on 28 December 2021, at 23:13",Fox Broadcasting Company,https://en.wikipedia.org/wiki/Fox_Broadcasting_Company
" This page was last edited on 3 February 2021, at 11:11",Main Page,https://en.wikipedia.org/wiki/Main_Page
" This page was last edited on 22 November 2021, at 00:11",Trove,https://en.wikipedia.org/wiki/Trove_(identifier)
" This page was last edited on 31 May 2021, at 11:24",Library Network of Western Switzerland,https://en.wikipedia.org/wiki/RERO_(identifier)
" This page was last edited on 24 December 2021, at 21:42",MusicBrainz,https://en.wikipedia.org/wiki/MBA_(identifier)
" This page was last edited on 3 December 2021, at 10:47",Steven Weber,https://en.wikipedia.org/wiki/Steven_Weber_(actor)
" This page was last edited on 28 December 2021, at 18:57",HBO,https://en.wikipedia.org/wiki/HBO
" This page was last edited on 25 June 2021, at 19:17",Système universitaire de documentation,https://en.wikipedia.org/wiki/SUDOC_(identifier)
" This page was last edited on 8 December 2021, at 18:25",Virtual International Authority File,https://en.wikipedia.org/wiki/VIAF_(identifier)
